date,symbol,name,sector,ret_5d,ret_10d
2020-05-22,510300,做空沪深300ETF,防御对冲 [熊市强制空头],-0.013368283093053776,-0.04927916120576675
2020-05-25,510300,做空沪深300ETF,防御对冲 [熊市强制空头],-0.039559863767356505,-0.05370709981660992
2020-05-27,510300,做空沪深300ETF,防御对冲 [熊市强制空头],-0.03459037711313394,-0.05071521456436927
2020-05-28,510300,做空沪深300ETF,防御对冲 [熊市强制空头],-0.033766233766233736,-0.03974025974025974
2020-05-29,510300,做空沪深300ETF,防御对冲 [熊市强制空头],-0.035437144335230215,-0.03802379720641485
2021-05-06,510300,做空沪深300ETF,防御对冲 [熊市强制空头],0.011855364552459911,-0.025489033787789064
2021-05-07,510300,做空沪深300ETF,防御对冲 [熊市强制空头],-0.025399999999999957,-0.026999999999999958
2021-05-10,510300,做空沪深300ETF,防御对冲 [熊市强制空头],-0.037807561512302475,-0.032806561312262575
2021-05-26,600335,国机汽车,汽车零部件  🔥 [新题材!],0.04214559386973193,0.0172413793103448
2021-05-31,600036,招商银行,证券 | 银行 🌟 (题材共振) 🔥 [新题材!],-0.020480070469059673,-0.058357190046245296
2021-05-31,601628,中国人寿,证券 | 银行 🌟 (题材共振) 🔥 [新题材!],-0.02742616033755264,-0.08619650391802289
2021-05-31,600452,涪陵电力,电力行业  🔥 [新题材!],-0.017416545718432527,-0.05224963715529745
2021-05-31,600211,西藏药业,中药  🔥 [新题材!],0.014308070646098828,-0.13234965347641392
2021-05-31,600351,亚宝药业,中药  🔥 [新题材!],-0.02012072434607639,-0.04024144869215295
2021-05-31,600436,片仔癀,中药  🔥 [新题材!],0.08981353309991036,0.0402790217951849
2022-05-05,510300,做空沪深300ETF,防御对冲 [熊市强制空头],0.012249999999999983,0.0012499999999999734
2022-05-06,510300,做空沪深300ETF,防御对冲 [熊市强制空头],-0.020240840379195536,-0.0450935178068152
2022-05-09,510300,做空沪深300ETF,防御对冲 [熊市强制空头],-0.020666494445879636,-0.04546628778093508
2022-05-10,510300,做空沪深300ETF,防御对冲 [熊市强制空头],-0.021450459652706862,-0.012512768130745642
2022-05-11,510300,做空沪深300ETF,防御对冲 [熊市强制空头],-0.0037773860488542243,-0.002770083102493105
2022-05-12,510300,做空沪深300ETF,防御对冲 [熊市强制空头],-0.011136421159200213,-0.010377119716527442
2023-05-04,510300,做空沪深300ETF,防御对冲 [熊市强制空头],0.010434782608695715,0.01863354037267085
2023-05-05,510300,做空沪深300ETF,防御对冲 [熊市强制空头],0.019206784734347816,0.016213519580942973
2023-05-08,510300,做空沪深300ETF,防御对冲 [熊市强制空头],0.014553527380365111,0.022200296003946792
2023-05-09,510300,做空沪深300ETF,防御对冲 [熊市强制空头],0.010201542672306526,0.027867628763373998
2023-05-10,510300,做空沪深300ETF,防御对冲 [熊市强制空头],0.009277833500501485,0.03360080240722164
2023-05-11,510300,做空沪深300ETF,防御对冲 [熊市强制空头],0.008285212151644468,0.03464725081596784
2023-05-12,510300,做空沪深300ETF,防御对冲 [熊市强制空头],-0.003051881993896239,0.02085452695829091
2023-05-15,510300,做空沪深300ETF,防御对冲 [熊市强制空头],0.007759699624530698,0.04030037546933668
2023-05-16,510300,做空沪深300ETF,防御对冲 [熊市强制空头],0.01784816490698848,0.03519356460532934
2023-05-17,510300,做空沪深300ETF,防御对冲 [熊市强制空头],0.024550746646418622,0.037711971652746146
2023-05-18,510300,做空沪深300ETF,防御对冲 [熊市强制空头],0.026582278481012654,0.035443037974683574
2023-05-19,510300,做空沪深300ETF,防御对冲 [熊市强制空头],0.023833671399594285,0.020537525354969565
2023-05-22,510300,做空沪深300ETF,防御对冲 [熊市强制空头],0.032795156407668995,0.030020181634712356
2023-05-23,510300,做空沪深300ETF,防御对冲 [熊市强制空头],0.017660609163040682,0.02533913488610192
2023-05-24,510300,做空沪深300ETF,防御对冲 [熊市强制空头],0.01349247535028543,0.015049299429164576
2023-05-25,510300,做空沪深300ETF,防御对冲 [熊市强制空头],0.00910273081924581,0.004421326397919466
2023-05-26,510300,做空沪深300ETF,防御对冲 [熊市强制空头],-0.0033766233766233506,0.0015584415584416174
2023-05-29,510300,做空沪深300ETF,防御对冲 [熊市强制空头],-0.002869066249347971,-0.0036515388628064137
2023-05-30,510300,做空沪深300ETF,防御对冲 [熊市强制空头],0.007816571130797355,-0.0101615424700364
2023-05-31,510300,做空沪深300ETF,防御对冲 [熊市强制空头],0.0015781167806418273,-0.019726459758022022
2024-05-07,600320,振华重工,工程机械  🔥 [新题材!],0.010989010989010999,-0.032967032967032996
2024-05-08,600114,东睦股份,工程机械  🔥 [新题材!],-0.027359781121750932,-0.02667578659370717
2024-05-09,600114,东睦股份,工程机械  🔥 [新题材!],-0.05697050938337799,-0.06233243967828416
2024-05-09,600320,振华重工,工程机械  🔥 [新题材!],-0.03260869565217394,-0.06249999999999999
2024-05-10,600114,东睦股份,工程机械  🔥 [新题材!],-0.0417508417508417,-0.09898989898989892
2024-05-10,600320,振华重工,工程机械  🔥 [新题材!],-0.024523160762942742,-0.059945504087193395
2024-05-14,600320,振华重工,工程机械  🔥 [新题材!],-0.04347826086956525,-0.05434782608695657
2024-05-24,510300,做空沪深300ETF,防御对冲 [熊市强制空头],0.0055524708495280455,0.007218212104386397
2024-05-27,510300,做空沪深300ETF,防御对冲 [熊市强制空头],0.012389867841409672,0.022301762114537434
2024-05-28,510300,做空沪深300ETF,防御对冲 [熊市强制空头],-0.0008312551953450024,0.017179274037129353
2024-05-29,510300,做空沪深300ETF,防御对冲 [熊市强制空头],0.0030470914127422926,0.02105263157894739
2024-05-30,510300,做空沪深300ETF,防御对冲 [熊市强制空头],-0.0008342602892102652,0.011679644048943342
2024-05-31,510300,做空沪深300ETF,防御对冲 [熊市强制空头],0.0016750418760468407,0.010608598548296988
2025-05-09,600036,招商银行,证券 | 银行 🌟 (题材共振) 🔥 [新题材!],0.018217626784835107,0.01329394387001475
2025-05-09,601288,农业银行,证券 | 银行 🌟 (题材共振) 🔥 [新题材!],0.015355086372360858,0.005758157389635365
2025-05-09,601328,交通银行,证券 | 银行 🌟 (题材共振) 🔥 [新题材!],0.009523809523809563,0.021768707482993217
2025-05-09,600780,通宝能源,电力行业  🔥 [新题材!],-0.016501650165016445,-0.03465346534653465
2025-05-09,600179,安通控股,煤炭行业  🔥 [新题材!],0.01689189189189183,0.0
2025-05-09,600114,东睦股份,工程机械  🔥 [新题材!],0.019133937562940535,0.010574018126888261
2025-05-09,600320,振华重工,工程机械  🔥 [新题材!],-0.009090909090909097,-0.047727272727272715
2025-05-13,600320,振华重工,工程机械  🔥 [新题材!],0.0,-0.03636363636363639
2025-05-13,601002,晋亿实业,工程机械  🔥 [新题材!],-0.008247422680412378,-0.020618556701030855
2025-05-15,600114,东睦股份,工程机械  🔥 [新题材!],0.019182231196365602,-0.020191822311963585
2025-05-15,601002,晋亿实业,工程机械  🔥 [新题材!],-0.00419287211740033,0.010482180293501198
2025-05-16,600320,振华重工,工程机械  🔥 [新题材!],-0.038990825688073376,-0.016055045871559696
2025-05-16,601002,晋亿实业,工程机械  🔥 [新题材!],-0.022821576763485542,-0.01867219917012445
2025-05-19,600320,振华重工,工程机械  🔥 [新题材!],-0.02293577981651388,-0.016055045871559696
2025-05-19,601002,晋亿实业,工程机械  🔥 [新题材!],-0.02663934426229506,-0.02868852459016387
2025-05-20,600114,东睦股份,工程机械  🔥 [新题材!],-0.031452820768846854,-0.055416874687968014
2025-05-20,600320,振华重工,工程机械  🔥 [新题材!],-0.03636363636363639,-0.022727272727272846
2025-05-20,601002,晋亿实业,工程机械  🔥 [新题材!],-0.012474012474012393,-0.016632016632016463
2025-05-22,600114,东睦股份,工程机械  🔥 [新题材!],-0.03863298662704315,-0.05646359583952454
2025-05-27,510300,做空沪深300ETF,防御对冲 [熊市强制空头],-0.007095793208312221,-0.014698428788646575
2025-05-28,510300,做空沪深300ETF,防御对冲 [熊市强制空头],-0.010654490106544854,-0.01623541349568748
2025-05-29,510300,做空沪深300ETF,防御对冲 [熊市强制空头],-0.005042864346949071,-0.003530005042864294
2025-05-30,510300,做空沪深300ETF,防御对冲 [熊市强制空头],-0.009093205354887605,-0.0078302601667088
2026-05-06,600320,振华重工,工程机械  🔥 [新题材!],-0.01467889908256882,-0.09174311926605504
2026-05-08,600114,东睦股份,工程机械  🔥 [新题材!],-0.04418134565405721,0.08143228414669362
2026-05-13,600114,东睦股份,工程机械  🔥 [新题材!],-0.05590596330275237,0.10865825688073391
2026-05-21,510300,做空沪深300ETF,防御对冲 [熊市强制空头],-0.025790349417637387,-0.02454242928452586
2026-05-22,510300,做空沪深300ETF,防御对冲 [熊市强制空头],-0.012546277252159593,-0.013163307280954351
