buy_date,sell_date,sell_reason,symbol,symbol_name,strategy,profit_pct,raw_long,idx_return,idx_return_str,profit_pct_str,raw_long_str
2020-01-01,2020-03-27,止盈(60日),00700,腾讯控股(00700),单边多头 (满仓),0.01756253326237351,0.01756253326237351,-0.1686795198859132,-16.87%(恒生),1.76%,1.76%
2020-01-01,2020-03-16,止损(-15%),03690,美团(03690),单边多头 (满仓),-0.1941176470588235,-0.1941176470588235,-0.18357220651548,-18.36%(恒生),-19.41%,-19.41%
2020-01-01,2020-03-27,止盈(60日),01211,比亚迪股份(01211),单边多头 (满仓),-0.012853470437017995,-0.012853470437017995,-0.1686795198859132,-16.87%(恒生),-1.29%,-1.29%
2020-01-01,2020-04-02,止盈(60日),600519,贵州茅台(600519),单边多头 (满仓),0.015071983301102024,0.015071983301102024,-0.09385713270096761,-9.39%(沪深),1.51%,1.51%
2020-01-01,2020-04-02,止盈(60日),300244,迈瑞医疗(300244),单边多头 (满仓),0.041405873856523806,0.041405873856523806,0.058375570057751125,5.84%(创业板),4.14%,4.14%
2020-01-01,2020-02-03,止损(-15%),601888,中国中免(601888),单边多头 (满仓),-0.18539736713798155,-0.18539736713798155,-0.10506050324784433,-10.51%(沪深),-18.54%,-18.54%
2020-01-01,2020-03-23,止损(-15%),002415,海康威视(002415),单边多头 (满仓),-0.21146025878003705,-0.21146025878003705,-0.1434100824754225,-14.34%(沪深),-21.15%,-21.15%
2020-01-01,2020-03-13,止损(-15%),601318,中国平安(601318),单边多头 (满仓),-0.15587129126619312,-0.15587129126619312,-0.054845149003396716,-5.48%(沪深),-15.59%,-15.59%
2020-01-01,2020-02-28,止损(-15%),00762,中国联通(00762),单边多头 (满仓),-0.16326530612244888,-0.16326530612244888,-0.07502606518396919,-7.50%(恒生),-16.33%,-16.33%
2020-03-03,2020-03-16,止损(-15%),00981,中芯国际(00981),Alpha对冲 (做空恒生),-0.03808735422814673,-0.20318725099601595,-0.1270125425397225,-12.70%(恒生),-3.81%,-20.32%
2020-03-09,2020-03-23,止损(-15%),300750,宁德时代(300750),单边多头 (满仓),-0.19560151471016604,-0.19560151471016604,-0.15071004569393898,-15.07%(创业板),-19.56%,-19.56%
2020-03-09,2020-03-23,止损(-15%),002475,立讯精密(002475),单边多头 (满仓),-0.18349206349206354,-0.18349206349206354,-0.1311247931370223,-13.11%(沪深),-18.35%,-18.35%
2020-03-30,2020-06-29,止盈(60日),00700,腾讯控股(00700),Alpha对冲 (做空恒生),0.10303091900497598,0.26168224299065423,0.05562040498070228,5.56%(恒生),10.30%,26.17%
2020-03-30,2020-06-29,止盈(60日),01211,比亚迪股份(01211),Alpha对冲 (做空恒生),0.21968353184548844,0.4949874686716792,0.05562040498070228,5.56%(恒生),21.97%,49.50%
2020-04-03,2020-07-06,止盈(60日),600519,贵州茅台(600519),Alpha对冲 (做空沪深),0.06908633145553675,0.3930746078889077,0.2549019449778342,25.49%(沪深),6.91%,39.31%
2020-04-03,2020-07-06,止盈(60日),300244,迈瑞医疗(300244),单边多头 (满仓),0.4797235023041475,0.4797235023041475,0.32244024546959293,32.24%(创业板),47.97%,47.97%
2020-05-04,2020-07-30,止盈(60日),601888,中国中免(601888),单边多头 (满仓),1.6299527444565614,1.6299527444565614,0.20399254355604313,20.40%(沪深),163.00%,163.00%
2020-05-29,2020-08-25,止盈(60日),00762,中国联通(00762),Alpha对冲 (做空恒生),0.13569544031381126,0.39013452914798213,0.11874364852035961,11.87%(恒生),13.57%,39.01%
2020-06-12,2020-09-08,止盈(60日),601318,中国平安(601318),单边多头 (满仓),0.0568517909957278,0.0568517909957278,0.194007616191172,19.40%(沪深),5.69%,5.69%
2020-06-22,2020-09-16,止盈(60日),002415,海康威视(002415),单边多头 (满仓),0.31757032205462693,0.31757032205462693,0.13663210337407614,13.66%(沪深),31.76%,31.76%
2020-07-16,2020-10-12,止盈(60日),00700,腾讯控股(00700),Alpha对冲 (做空恒生),0.054216321690634534,0.07321772639691715,-0.035214916984351925,-3.52%(恒生),5.42%,7.32%
2020-07-16,2020-10-16,止盈(60日),300244,迈瑞医疗(300244),单边多头 (满仓),0.32280701754385954,0.32280701754385954,-0.032080810061681134,-3.21%(创业板),32.28%,32.28%
2020-07-24,2020-10-26,止盈(60日),600519,贵州茅台(600519),单边多头 (满仓),0.016703377386196826,0.016703377386196826,0.0026093031735016344,0.26%(沪深),1.67%,1.67%
2020-07-27,2020-09-07,止损(-15%),00981,中芯国际(00981),Alpha对冲 (做空恒生),-0.13522091891283766,-0.2833005893909627,-0.012858751565287391,-1.29%(恒生),-13.52%,-28.33%
2020-08-19,2020-11-19,止盈(60日),300750,宁德时代(300750),单边多头 (满仓),0.2946799667497922,0.2946799667497922,-0.01881898219329756,-1.88%(创业板),29.47%,29.47%
2020-08-19,2020-11-19,止盈(60日),002475,立讯精密(002475),单边多头 (满仓),0.040862422997946506,0.040862422997946506,0.025667340872393505,2.57%(沪深),4.09%,4.09%
2020-08-20,2020-11-18,止盈(60日),01211,比亚迪股份(01211),Alpha对冲 (做空恒生),0.713244751050751,1.4859154929577465,0.059425990856244365,5.94%(恒生),71.32%,148.59%
2020-08-26,2020-09-07,止损(-15%),00762,中国联通(00762),Alpha对冲 (做空恒生),-0.061346393122273794,-0.15916398713826357,-0.036471200893715985,-3.65%(恒生),-6.13%,-15.92%
2020-09-09,2020-12-10,止盈(60日),601318,中国平安(601318),单边多头 (满仓),0.17960710944808225,0.17960710944808225,0.0660901328737979,6.61%(沪深),17.96%,17.96%
2020-09-17,2020-12-18,止盈(60日),002415,海康威视(002415),单边多头 (满仓),0.29137603043753957,0.29137603043753957,0.0771025067782494,7.71%(沪深),29.14%,29.14%
2020-10-09,2021-01-04,止盈(60日),601888,中国中免(601888),单边多头 (满仓),0.44510130867566067,0.44510130867566067,0.12953656073299444,12.95%(沪深),44.51%,44.51%
2020-10-13,2021-01-08,止盈(60日),00700,腾讯控股(00700),Alpha对冲 (做空恒生),-0.057458996203280197,0.008802816901408451,0.12372080930796885,12.37%(恒生),-5.75%,0.88%
2020-10-19,2020-11-06,止损(-15%),300244,迈瑞医疗(300244),单边多头 (满仓),-0.1805796383453059,-0.1805796383453059,-0.006497401257603674,-0.65%(创业板),-18.06%,-18.06%
2020-10-27,2021-01-20,止盈(60日),600519,贵州茅台(600519),单边多头 (满仓),0.2550026662176195,0.2550026662176195,0.17014395091425755,17.01%(沪深),25.50%,25.50%
2020-11-20,2021-02-22,止盈(60日),002475,立讯精密(002475),单边多头 (满仓),-0.0683424980361352,-0.0683424980361352,0.13577127816076465,13.58%(沪深),-6.83%,-6.83%
2020-11-25,2021-02-25,止盈(60日),300750,宁德时代(300750),单边多头 (满仓),0.36703175478685696,0.36703175478685696,0.1116722041621951,11.17%(创业板),36.70%,36.70%
2020-12-02,2021-03-02,止盈(60日),03690,美团(03690),单边多头 (满仓),0.28147100424328136,0.28147100424328136,0.09095347493575119,9.10%(恒生),28.15%,28.15%
2020-12-07,2021-03-05,止盈(60日),00762,中国联通(00762),单边多头 (满仓),0.12061403508771947,0.12061403508771947,0.08290513267670437,8.29%(恒生),12.06%,12.06%
2020-12-07,2020-12-28,止损(-15%),00981,中芯国际(00981),单边多头 (满仓),-0.16330275229357807,-0.16330275229357807,-0.02068987718166115,-2.07%(恒生),-16.33%,-16.33%
2020-12-11,2021-03-15,止盈(60日),601318,中国平安(601318),单边多头 (满仓),-0.02063513332440027,-0.02063513332440027,0.015676232153460926,1.57%(沪深),-2.06%,-2.06%
2020-12-21,2021-03-23,止盈(60日),002415,海康威视(002415),单边多头 (满仓),0.1837810695455687,0.1837810695455687,0.0026990877467742416,0.27%(沪深),18.38%,18.38%
2021-01-11,2021-04-12,止盈(60日),00700,腾讯控股(00700),单边多头 (满仓),0.04603580562659847,0.04603580562659847,0.016044112301180014,1.60%(恒生),4.60%,4.60%
2021-01-21,2021-04-23,止盈(60日),600519,贵州茅台(600519),单边多头 (满仓),0.01930478511640217,0.01930478511640217,-0.06508441078842922,-6.51%(沪深),1.93%,1.93%
2021-02-05,2021-02-25,止损(-15%),300244,迈瑞医疗(300244),单边多头 (满仓),-0.15894206549118392,-0.15894206549118392,-0.07680085287767148,-7.68%(创业板),-15.89%,-15.89%
2021-02-23,2021-03-12,止损(-15%),002475,立讯精密(002475),单边多头 (满仓),-0.15484282073067118,-0.15484282073067118,-0.07150055821331332,-7.15%(沪深),-15.48%,-15.48%
2021-02-24,2021-03-08,止损(-15%),01211,比亚迪股份(01211),单边多头 (满仓),-0.2140933572710952,-0.2140933572710952,-0.07041151170990124,-7.04%(恒生),-21.41%,-21.41%
2021-02-26,2021-05-27,止盈(60日),300750,宁德时代(300750),单边多头 (满仓),0.15837289725104026,0.15837289725104026,0.10958791504541901,10.96%(创业板),15.84%,15.84%
2021-03-03,2021-03-09,止损(-15%),03690,美团(03690),单边多头 (满仓),-0.16111111111111112,-0.16111111111111112,-0.01628065914446882,-1.63%(恒生),-16.11%,-16.11%
2021-03-08,2021-06-04,止盈(60日),601888,中国中免(601888),单边多头 (满仓),0.14451141552511415,0.14451141552511415,-0.003304658617670041,-0.33%(沪深),14.45%,14.45%
2021-03-08,2021-04-13,止损(-15%),00762,中国联通(00762),单边多头 (满仓),-0.15369649805447472,-0.15369649805447472,-0.029470833465303985,-2.95%(恒生),-15.37%,-15.37%
2021-03-16,2021-04-30,止损(-15%),601318,中国平安(601318),单边多头 (满仓),-0.15209646478487257,-0.15209646478487257,0.013667275442094206,1.37%(沪深),-15.21%,-15.21%
2021-03-24,2021-06-23,止盈(60日),002415,海康威视(002415),单边多头 (满仓),0.20944916176790762,0.20944916176790762,0.03249347444668953,3.25%(沪深),20.94%,20.94%
2021-03-29,2021-06-28,止盈(60日),00981,中芯国际(00981),单边多头 (满仓),-0.05040322580645161,-0.05040322580645161,0.033583015624359926,3.36%(恒生),-5.04%,-5.04%
2021-04-13,2021-07-09,止盈(60日),00700,腾讯控股(00700),单边多头 (满仓),-0.13285024154589373,-0.13285024154589373,-0.04248574121852351,-4.25%(恒生),-13.29%,-13.29%
2021-04-26,2021-07-23,止盈(60日),600519,贵州茅台(600519),单边多头 (满仓),-0.08106527312382826,-0.08106527312382826,-0.013064049642069937,-1.31%(沪深),-8.11%,-8.11%
2021-05-27,2021-07-05,止损(-15%),300244,迈瑞医疗(300244),单边多头 (满仓),-0.16159309994926443,-0.16159309994926443,0.050147162712305154,5.01%(创业板),-16.16%,-16.16%
2021-06-07,2021-09-01,止盈(60日),01211,比亚迪股份(01211),单边多头 (满仓),0.3326402806652806,0.3326402806652806,-0.10202690094391696,-10.20%(恒生),33.26%,33.26%
2021-06-07,2021-08-31,止盈(60日),300750,宁德时代(300750),单边多头 (满仓),0.22547133512889586,0.22547133512889586,-0.00828058651866086,-0.83%(创业板),22.55%,22.55%
2021-06-07,2021-07-09,止损(-15%),601888,中国中免(601888),单边多头 (满仓),-0.16290379722374307,-0.16290379722374307,-0.040768106664829974,-4.08%(沪深),-16.29%,-16.29%
2021-06-08,2021-07-26,止损(-15%),03690,美团(03690),单边多头 (满仓),-0.20351585530764033,-0.20351585530764033,-0.09370765647123307,-9.37%(恒生),-20.35%,-20.35%
2021-06-11,2021-09-06,止盈(60日),002475,立讯精密(002475),单边多头 (满仓),-0.09392265193370167,-0.09392265193370167,-0.06482874649386086,-6.48%(沪深),-9.39%,-9.39%
2021-06-24,2021-08-20,止损(-15%),002415,海康威视(002415),单边多头 (满仓),-0.16505513146734527,-0.16505513146734527,-0.07510737770344754,-7.51%(沪深),-16.51%,-16.51%
2021-06-29,2021-09-23,止盈(60日),00981,中芯国际(00981),单边多头 (满仓),-0.06823027718550098,-0.06823027718550098,-0.16321624575210933,-16.32%(恒生),-6.82%,-6.82%
2021-07-12,2021-07-27,止损(-15%),00700,腾讯控股(00700),Alpha对冲 (做空恒生),-0.041070757225486296,-0.1756007393715342,-0.0934592249205616,-9.35%(恒生),-4.11%,-17.56%
2021-07-13,2021-10-07,止盈(60日),00762,中国联通(00762),单边多头 (满仓),-0.05687203791469189,-0.05687203791469189,-0.10804850857923201,-10.80%(恒生),-5.69%,-5.69%
2021-07-26,2021-10-27,止盈(60日),600519,贵州茅台(600519),Alpha对冲 (做空沪深),0.021124620085882756,0.008869971854294315,-0.0333792683174712,-3.34%(沪深),2.11%,0.89%
2021-07-30,2021-11-02,止盈(60日),601318,中国平安(601318),Alpha对冲 (做空沪深),-0.03201606723052168,-0.061100746268656816,0.002931388192386541,0.29%(沪深),-3.20%,-6.11%
2021-09-01,2021-12-03,止盈(60日),300750,宁德时代(300750),单边多头 (满仓),0.39637612505921377,0.39637612505921377,0.08229195380699067,8.23%(创业板),39.64%,39.64%
2021-09-02,2021-12-01,止盈(60日),01211,比亚迪股份(01211),Alpha对冲 (做空恒生),0.12992334915140763,0.16273760456273756,-0.09710909374007767,-9.71%(恒生),12.99%,16.27%
2021-09-07,2021-12-09,止盈(60日),002475,立讯精密(002475),单边多头 (满仓),0.29072463768115947,0.29072463768115947,0.02953876118594535,2.95%(沪深),29.07%,29.07%
2021-09-24,2021-12-15,止损(-15%),00981,中芯国际(00981),Alpha对冲 (做空恒生),-0.056602134301871596,-0.1567567567567568,-0.04355248815301361,-4.36%(恒生),-5.66%,-15.68%
2021-10-04,2021-12-30,止盈(60日),300244,迈瑞医疗(300244),单边多头 (满仓),0.12761432116270818,0.12761432116270818,0.019431132764322935,1.94%(创业板),12.76%,12.76%
2021-10-08,2021-11-02,止损(-15%),601888,中国中免(601888),Alpha对冲 (做空沪深),-0.0817362323147903,-0.17890963969062446,-0.015437175061043865,-1.54%(沪深),-8.17%,-17.89%
2021-10-08,2022-01-05,止盈(60日),00762,中国联通(00762),Alpha对冲 (做空恒生),0.03931735739969439,-0.007444168734491377,-0.08607888353388016,-8.61%(恒生),3.93%,-0.74%
2021-10-25,2021-11-30,止损(-15%),03690,美团(03690),Alpha对冲 (做空恒生),-0.03500290222053136,-0.16783216783216784,-0.09782636339110512,-9.78%(恒生),-3.50%,-16.78%
2021-10-26,2022-01-19,止盈(60日),00700,腾讯控股(00700),Alpha对冲 (做空恒生),0.004502012412926963,-0.071312163814181,-0.08031618864003492,-8.03%(恒生),0.45%,-7.13%
2021-10-28,2022-01-21,止盈(60日),600519,贵州茅台(600519),Alpha对冲 (做空沪深),0.05440949703392544,0.08766790732816009,-0.021151086739690798,-2.12%(沪深),5.44%,8.77%
2021-11-03,2022-01-27,止盈(60日),601318,中国平安(601318),Alpha对冲 (做空沪深),0.03340979450005299,0.022166874221668756,-0.044652714778437234,-4.47%(沪深),3.34%,2.22%
2021-11-19,2022-02-21,止盈(60日),002415,海康威视(002415),Alpha对冲 (做空沪深),-0.009893720698451826,-0.060711188204683374,-0.04092374680777972,-4.09%(沪深),-0.99%,-6.07%
2021-12-02,2021-12-20,止损(-15%),01211,比亚迪股份(01211),Alpha对冲 (做空恒生),-0.0674331592634402,-0.16798938492063487,-0.03312306639375446,-3.31%(恒生),-6.74%,-16.80%
2021-12-06,2022-01-05,止损(-15%),300750,宁德时代(300750),单边多头 (满仓),-0.17294997799618614,-0.17294997799618614,-0.08652336735374937,-8.65%(创业板),-17.29%,-17.29%
2021-12-10,2022-03-04,止损(-15%),002475,立讯精密(002475),单边多头 (满仓),-0.15548022598870062,-0.15548022598870062,-0.10895933390775119,-10.90%(沪深),-15.55%,-15.55%
2021-12-31,2022-01-27,止损(-15%),300244,迈瑞医疗(300244),单边多头 (满仓),-0.15254757519950887,-0.15254757519950887,-0.13028116021036526,-13.03%(创业板),-15.25%,-15.25%
2022-01-06,2022-04-06,止盈(60日),00762,中国联通(00762),Alpha对冲 (做空恒生),0.006693818510541405,-0.020000000000000018,-0.03338763702108283,-3.34%(恒生),0.67%,-2.00%
2022-01-20,2022-03-07,止损(-15%),00700,腾讯控股(00700),Alpha对冲 (做空恒生),-0.020120117052180267,-0.17235494880546076,-0.13211471470110023,-13.21%(恒生),-2.01%,-17.24%
2022-01-24,2022-03-15,止损(-15%),600519,贵州茅台(600519),Alpha对冲 (做空沪深),-0.006495321630430373,-0.17498865711925737,-0.16199801385839663,-16.20%(沪深),-0.65%,-17.50%
2022-01-28,2022-03-15,止损(-15%),601318,中国平安(601318),Alpha对冲 (做空沪深),-0.033594550476321,-0.20894445780235643,-0.14175535684971444,-14.18%(沪深),-3.36%,-20.89%
2022-02-01,2022-03-14,止损(-15%),601888,中国中免(601888),Alpha对冲 (做空沪深),-0.05413620220206598,-0.2082636732744208,-0.09999126887028884,-10.00%(沪深),-5.41%,-20.83%
2022-02-22,2022-03-15,止损(-15%),002415,海康威视(002415),Alpha对冲 (做空沪深),-0.008331634841217198,-0.1509781357882624,-0.13431486610582802,-13.43%(沪深),-0.83%,-15.10%
2022-03-01,2022-03-07,止损(-15%),03690,美团(03690),Alpha对冲 (做空恒生),-0.05001750160389508,-0.1740112994350283,-0.07397629622723814,-7.40%(恒生),-5.00%,-17.40%
2022-03-16,2022-06-16,止盈(60日),00981,中芯国际(00981),Alpha对冲 (做空恒生),-0.03536907380678872,0.028935185185185182,0.09967333279876263,9.97%(恒生),-3.54%,2.89%
2022-03-21,2022-06-21,止盈(60日),01211,比亚迪股份(01211),Alpha对冲 (做空恒生),0.20932314297064114,0.40657281690140845,-0.01207346903987382,-1.21%(恒生),20.93%,40.66%
2022-04-06,2022-04-20,止损(-15%),300750,宁德时代(300750),Alpha对冲 (做空创业板),-0.03736552144921416,-0.18690102044775544,-0.11216997754932713,-11.22%(创业板),-3.74%,-18.69%
2022-04-07,2022-07-08,止盈(60日),00762,中国联通(00762),Alpha对冲 (做空恒生),-0.01758178805381724,-0.043589743589743574,-0.008426167482109096,-0.84%(恒生),-1.76%,-4.36%
2022-04-28,2022-07-27,止盈(60日),300244,迈瑞医疗(300244),Alpha对冲 (做空创业板),-0.12904969751597128,-0.05150480918398997,0.20659458584795262,20.66%(创业板),-12.90%,-5.15%
2022-06-03,2022-08-26,止盈(60日),002475,立讯精密(002475),Alpha对冲 (做空沪深),0.052484023741848684,0.10912814511410172,0.004160097630404351,0.42%(沪深),5.25%,10.91%
2022-06-06,2022-07-29,止损(-15%),00700,腾讯控股(00700),Alpha对冲 (做空恒生),-0.06118076995968043,-0.17526884408602156,-0.052907304166660694,-5.29%(恒生),-6.12%,-17.53%
2022-06-06,2022-08-16,止损(-15%),03690,美团(03690),Alpha对冲 (做空恒生),-0.04964276687806667,-0.16751012145748986,-0.06822458770135652,-6.82%(恒生),-4.96%,-16.75%
2022-06-13,2022-09-05,止盈(60日),601888,中国中免(601888),Alpha对冲 (做空沪深),0.03925621095649363,0.03582966226138029,-0.042682759651606964,-4.27%(沪深),3.93%,3.58%
2022-06-14,2022-09-06,止盈(60日),600519,贵州茅台(600519),Alpha对冲 (做空沪深),0.009615023738309799,-0.0027197727478770663,-0.021949820224496666,-2.19%(沪深),0.96%,-0.27%
2022-06-14,2022-08-25,止损(-15%),002415,海康威视(002415),Alpha对冲 (做空沪深),-0.07386705084643323,-0.15424666449723404,-0.00651256280436756,-0.65%(沪深),-7.39%,-15.42%
2022-06-14,2022-09-06,止盈(60日),601318,中国平安(601318),Alpha对冲 (做空沪深),0.016506825005865363,0.011063829787234058,-0.021949820224496666,-2.19%(沪深),1.65%,1.11%
2022-06-17,2022-08-24,止损(-15%),00981,中芯国际(00981),Alpha对冲 (做空恒生),-0.04295292752202847,-0.1558011049723758,-0.06989524992831884,-6.99%(恒生),-4.30%,-15.58%
2022-06-22,2022-08-31,止损(-15%),01211,比亚迪股份(01211),Alpha对冲 (做空恒生),-0.05996365855305597,-0.19050802139037434,-0.0705807042842624,-7.06%(恒生),-6.00%,-19.05%
2022-07-11,2022-10-05,止盈(60日),00762,中国联通(00762),Alpha对冲 (做空恒生),0.05738652211883266,-0.042780748663101636,-0.15755379290076696,-15.76%(恒生),5.74%,-4.28%
2022-07-20,2022-09-14,止损(-15%),300750,宁德时代(300750),Alpha对冲 (做空创业板),-0.03769179149082558,-0.16959411786549822,-0.09421053488384706,-9.42%(创业板),-3.77%,-16.96%
2022-07-28,2022-10-28,止盈(60日),300244,迈瑞医疗(300244),Alpha对冲 (做空创业板),0.039389665700713304,-0.0982525552258489,-0.1770318866272755,-17.70%(创业板),3.94%,-9.83%
2022-08-29,2022-09-21,止损(-15%),002475,立讯精密(002475),Alpha对冲 (做空沪深),-0.05596971878097369,-0.15134706814580023,-0.039407630583852854,-3.94%(沪深),-5.60%,-15.13%
2022-09-06,2022-12-07,止盈(60日),601888,中国中免(601888),Alpha对冲 (做空沪深),0.10885963825222403,0.20131166238950676,-0.0164076141149413,-1.64%(沪深),10.89%,20.13%
2022-09-07,2022-10-24,止损(-15%),600519,贵州茅台(600519),Alpha对冲 (做空沪深),-0.03804597957983145,-0.17511934090643794,-0.09902738174677504,-9.90%(沪深),-3.80%,-17.51%
2022-09-07,2022-10-28,止损(-15%),601318,中国平安(601318),Alpha对冲 (做空沪深),-0.02634242113961116,-0.17453625632377734,-0.12185141404455502,-12.19%(沪深),-2.63%,-17.45%
2022-10-06,2023-01-03,止盈(60日),00762,中国联通(00762),Alpha对冲 (做空恒生),0.175153477900714,0.463276836158192,0.112969880356764,11.30%(恒生),17.52%,46.33%
2022-10-31,2023-01-31,止盈(60日),00700,腾讯控股(00700),Alpha对冲 (做空恒生),0.1832447442018646,0.8392685755534167,0.4727790871496875,47.28%(恒生),18.32%,83.93%
2022-10-31,2023-01-31,止盈(60日),300244,迈瑞医疗(300244),Alpha对冲 (做空创业板),-0.09888735841069968,-0.03973013493253368,0.15804458188886567,15.80%(创业板),-9.89%,-3.97%
2022-11-15,2022-11-23,止损(-15%),03690,美团(03690),Alpha对冲 (做空恒生),-0.07403004448895188,-0.15609762195121948,-0.008037532973315727,-0.80%(恒生),-7.40%,-15.61%
2022-11-23,2023-02-23,止盈(60日),00981,中芯国际(00981),Alpha对冲 (做空恒生),-0.10143898291928304,-0.03733955659276549,0.16553840924580057,16.55%(恒生),-10.14%,-3.73%
2022-11-24,2023-02-24,止盈(60日),002415,海康威视(002415),Alpha对冲 (做空沪深),0.08121631672447432,0.2335135135135134,0.07108088006456476,7.11%(沪深),8.12%,23.35%
2022-11-30,2023-03-02,止盈(60日),01211,比亚迪股份(01211),Alpha对冲 (做空恒生),-0.0016886331549320552,0.12273641851106627,0.12611368482093038,12.61%(恒生),-0.17%,12.27%
2022-12-08,2023-03-10,止损(-15%),601888,中国中免(601888),Alpha对冲 (做空沪深),-0.07932836888273977,-0.1551314915028957,0.0035252462625838337,0.35%(沪深),-7.93%,-15.51%
2022-12-14,2023-03-16,止盈(60日),300750,宁德时代(300750),Alpha对冲 (做空创业板),-0.0038171619648200115,-0.04229359567901239,-0.03465927174937237,-3.47%(创业板),-0.38%,-4.23%
2022-12-21,2023-03-23,止盈(60日),002475,立讯精密(002475),Alpha对冲 (做空沪深),-0.0502402270058799,-0.04836038423318982,0.05212006977856998,5.21%(沪深),-5.02%,-4.84%
2023-01-23,2023-04-24,止盈(60日),600519,贵州茅台(600519),单边多头 (满仓),-0.10686338582904865,-0.10686338582904865,-0.06677765736211592,-6.68%(沪深),-10.69%,-10.69%
2023-01-27,2023-03-09,止损(-15%),601318,中国平安(601318),单边多头 (满仓),-0.15033528012113337,-0.15033528012113337,-0.05805899065639551,-5.81%(沪深),-15.03%,-15.03%
2023-02-01,2023-05-02,止盈(60日),00700,腾讯控股(00700),单边多头 (满仓),-0.11105401028277641,-0.11105401028277641,-0.09064402074741802,-9.06%(恒生),-11.11%,-11.11%
2023-02-01,2023-04-27,止盈(60日),300244,迈瑞医疗(300244),单边多头 (满仓),-0.0160550458715597,-0.0160550458715597,-0.1100033211839461,-11.00%(创业板),-1.61%,-1.61%
2023-02-22,2023-05-23,止盈(60日),03690,美团(03690),Alpha对冲 (做空恒生),0.005086723916400145,-0.04253785147800993,-0.05271129931081022,-5.27%(恒生),0.51%,-4.25%
2023-02-24,2023-05-25,止盈(60日),00981,中芯国际(00981),Alpha对冲 (做空恒生),0.12764044967264124,0.18226002430133656,-0.07302087504394593,-7.30%(恒生),12.76%,18.23%
2023-02-27,2023-05-26,止盈(60日),002415,海康威视(002415),Alpha对冲 (做空沪深),-0.00195544394981113,-0.05081300813008131,-0.046902120230459046,-4.69%(沪深),-0.20%,-5.08%
2023-02-27,2023-05-29,止盈(60日),00762,中国联通(00762),Alpha对冲 (做空恒生),0.06011433876917161,0.05615942028985517,-0.06406925724848805,-6.41%(恒生),6.01%,5.62%
2023-03-03,2023-06-02,止盈(60日),01211,比亚迪股份(01211),单边多头 (满仓),0.08792184724689171,0.08792184724689171,-0.08468283313545664,-8.47%(恒生),8.79%,8.79%
2023-03-17,2023-06-15,止盈(60日),300750,宁德时代(300750),Alpha对冲 (做空创业板),0.07619872291979951,0.11685823754789285,-0.035539208291706176,-3.55%(创业板),7.62%,11.69%
2023-03-24,2023-04-25,止损(-15%),002475,立讯精密(002475),Alpha对冲 (做空沪深),-0.07532950238902153,-0.16862361382909333,-0.017964609051050264,-1.80%(沪深),-7.53%,-16.86%
2023-04-25,2023-07-25,止盈(60日),600519,贵州茅台(600519),Alpha对冲 (做空沪深),0.04106843243605064,0.0645737184965719,-0.017563146375529394,-1.76%(沪深),4.11%,6.46%
2023-04-28,2023-07-18,止损(-15%),300244,迈瑞医疗(300244),Alpha对冲 (做空创业板),-0.057576061009918994,-0.16223506743737962,-0.047082945417541634,-4.71%(创业板),-5.76%,-16.22%
2023-05-03,2023-07-31,止盈(60日),00700,腾讯控股(00700),Alpha对冲 (做空恒生),0.010282013957678872,0.04051670581327064,0.019952677897912895,2.00%(恒生),1.03%,4.05%
2023-05-24,2023-08-21,止盈(60日),03690,美团(03690),Alpha对冲 (做空恒生),0.035579980420539115,-0.014740108611326653,-0.08590006945240489,-8.59%(恒生),3.56%,-1.47%
2023-05-26,2023-08-22,止盈(60日),00981,中芯国际(00981),Alpha对冲 (做空恒生),-0.036484574612738616,-0.12799999999999995,-0.055030850774522716,-5.50%(恒生),-3.65%,-12.80%
2023-05-29,2023-08-23,止盈(60日),002415,海康威视(002415),Alpha对冲 (做空沪深),0.024299782687274514,0.005759999999999991,-0.042839565374549034,-4.28%(沪深),2.43%,0.58%
2023-05-30,2023-06-28,止损(-15%),00762,中国联通(00762),Alpha对冲 (做空恒生),-0.0936800131405925,-0.15517241379310337,0.032187612488081635,3.22%(恒生),-9.37%,-15.52%
2023-06-05,2023-08-30,止盈(60日),01211,比亚迪股份(01211),Alpha对冲 (做空恒生),0.006348780372456964,-0.015285599356395748,-0.027983160101309676,-2.80%(恒生),0.63%,-1.53%
2023-06-08,2023-09-04,止盈(60日),601318,中国平安(601318),Alpha对冲 (做空沪深),0.03089291956766305,0.07705034270857948,0.01526450357325338,1.53%(沪深),3.09%,7.71%
2023-06-09,2023-09-05,止盈(60日),601888,中国中免(601888),Alpha对冲 (做空沪深),-0.002844390670618035,-0.006236080178173745,-0.0005472988369376742,-0.05%(沪深),-0.28%,-0.62%
2023-06-16,2023-09-12,止盈(60日),300750,宁德时代(300750),Alpha对冲 (做空创业板),0.010582481229007921,-0.06463616317530316,-0.085801125633319,-8.58%(创业板),1.06%,-6.46%
2023-07-25,2023-10-25,止盈(60日),002475,立讯精密(002475),Alpha对冲 (做空沪深),0.03676767420442298,-0.02013422818791943,-0.09366957659676539,-9.37%(沪深),3.68%,-2.01%
2023-07-26,2023-10-26,止盈(60日),600519,贵州茅台(600519),Alpha对冲 (做空沪深),0.005810541279024264,-0.08920068228660782,-0.10082176484465635,-10.08%(沪深),0.58%,-8.92%
2023-08-01,2023-09-28,止损(-15%),00700,腾讯控股(00700),单边多头 (满仓),-0.15415247440273042,-0.15415247440273042,-0.14042554375791644,-14.04%(恒生),-15.42%,-15.42%
2023-08-22,2023-10-03,止损(-15%),03690,美团(03690),Alpha对冲 (做空恒生),-0.06714039150838741,-0.15188897455666917,-0.017608191539894354,-1.76%(恒生),-6.71%,-15.19%
2023-08-23,2023-11-21,止盈(60日),00981,中芯国际(00981),Alpha对冲 (做空恒生),0.12294572020132573,0.24426605504587143,-0.0016253853567800346,-0.16%(恒生),12.29%,24.43%
2023-08-24,2023-11-24,止盈(60日),002415,海康威视(002415),Alpha对冲 (做空沪深),0.054205739848230294,0.061657032755298706,-0.046754446941161876,-4.68%(沪深),5.42%,6.17%
2023-08-31,2023-11-29,止损(-15%),01211,比亚迪股份(01211),Alpha对冲 (做空恒生),-0.03538069554169693,-0.15617529880478084,-0.08541390772138699,-8.54%(恒生),-3.54%,-15.62%
2023-09-05,2023-11-10,止损(-15%),601318,中国平安(601318),Alpha对冲 (做空沪深),-0.043311346826213,-0.15253853127833175,-0.06591583762590575,-6.59%(沪深),-4.33%,-15.25%
2023-09-06,2023-10-16,止损(-15%),601888,中国中免(601888),Alpha对冲 (做空沪深),-0.05811516359321153,-0.1638926784902228,-0.04766235130379972,-4.77%(沪深),-5.81%,-16.39%
2023-09-13,2023-10-20,止损(-15%),300750,宁德时代(300750),Alpha对冲 (做空创业板),-0.04019240723810223,-0.15292526547786003,-0.07254045100165557,-7.25%(创业板),-4.02%,-15.29%
2023-09-27,2023-12-18,止损(-15%),00762,中国联通(00762),Alpha对冲 (做空恒生),-0.0592126195214353,-0.16666666666666657,-0.04824142762379598,-4.82%(恒生),-5.92%,-16.67%
2023-10-17,2024-01-10,止盈(60日),300244,迈瑞医疗(300244),Alpha对冲 (做空创业板),0.03392156166149504,-0.044503782821539835,-0.11234690614452991,-11.23%(创业板),3.39%,-4.45%
2023-10-26,2024-01-19,止盈(60日),002475,立讯精密(002475),Alpha对冲 (做空沪深),0.002427056592399373,-0.05684416857236192,-0.06169828175716067,-6.17%(沪深),0.24%,-5.68%
2023-10-27,2024-01-22,止盈(60日),600519,贵州茅台(600519),Alpha对冲 (做空沪深),0.037900012747354335,-0.004821286632005436,-0.08062131212671411,-8.06%(沪深),3.79%,-0.48%
2023-11-22,2024-01-08,止损(-15%),00981,中芯国际(00981),Alpha对冲 (做空恒生),-0.04295857504708485,-0.1711627906976744,-0.0852456406035047,-8.52%(恒生),-4.30%,-17.12%
2023-11-27,2024-02-28,止盈(60日),002415,海康威视(002415),Alpha对冲 (做空沪深),0.0014251051440460853,-0.020968239284613003,-0.023818449572705173,-2.38%(沪深),0.14%,-2.10%
2023-12-28,2024-03-26,止盈(60日),00700,腾讯控股(00700),Alpha对冲 (做空恒生),0.00925365477374511,0.014915220338983059,-0.0035920892085071626,-0.36%(恒生),0.93%,1.49%
2024-01-02,2024-01-22,止损(-15%),03690,美团(03690),Alpha对冲 (做空恒生),-0.014356929449817923,-0.15558424790187214,-0.1268703890022363,-12.69%(恒生),-1.44%,-15.56%
2024-01-11,2024-01-22,止损(-15%),300244,迈瑞医疗(300244),Alpha对冲 (做空创业板),-0.05780744263748061,-0.15999999999999998,-0.044385114725038755,-4.44%(创业板),-5.78%,-16.00%
2024-01-15,2024-04-18,止盈(60日),601888,中国中免(601888),Alpha对冲 (做空沪深),-0.07816430059016923,-0.06468041762159425,0.0916481835587442,9.16%(沪深),-7.82%,-6.47%
2024-01-19,2024-04-24,止盈(60日),300750,宁德时代(300750),Alpha对冲 (做空创业板),0.10630228162995911,0.23511365221029146,0.022509088950373235,2.25%(创业板),10.63%,23.51%
2024-01-22,2024-04-25,止盈(60日),002475,立讯精密(002475),Alpha对冲 (做空沪深),-0.047544726044862325,-0.01300070274068872,0.08208874934903593,8.21%(沪深),-4.75%,-1.30%
2024-01-23,2024-04-26,止盈(60日),600519,贵州茅台(600519),Alpha对冲 (做空沪深),-0.03388299573536302,0.04937440608172326,0.1171403975524493,11.71%(沪深),-3.39%,4.94%
2024-02-09,2024-05-17,止盈(60日),601318,中国平安(601318),Alpha对冲 (做空沪深),-0.012907134254793791,0.05811201682881938,0.08392628533840696,8.39%(沪深),-1.29%,5.81%
2024-02-28,2024-05-29,止盈(60日),01211,比亚迪股份(01211),Alpha对冲 (做空恒生),0.02381855298263101,0.14526321052631577,0.09762610456105375,9.76%(恒生),2.38%,14.53%
2024-02-29,2024-05-30,止盈(60日),002415,海康威视(002415),Alpha对冲 (做空沪深),-0.04403500677313611,-0.042573026724673745,0.04549698682159847,4.55%(沪深),-4.40%,-4.26%
2024-03-18,2024-06-18,止盈(60日),00762,中国联通(00762),Alpha对冲 (做空恒生),0.04602705164094886,0.16546762589928074,0.07341352261738301,7.34%(恒生),4.60%,16.55%
2024-03-27,2024-06-27,止盈(60日),00700,腾讯控股(00700),Alpha对冲 (做空恒生),0.0839933912264623,0.23973506622516558,0.07174828377224098,7.17%(恒生),8.40%,23.97%
2024-04-08,2024-07-05,止盈(60日),00981,中芯国际(00981),Alpha对冲 (做空恒生),0.06192257313146889,0.19283746556473835,0.06899231930180057,6.90%(恒生),6.19%,19.28%
2024-04-19,2024-07-18,止盈(60日),601888,中国中免(601888),Alpha对冲 (做空沪深),0.007320720802634911,0.006282875511396944,-0.008358566093872878,-0.84%(沪深),0.73%,0.63%
2024-04-22,2024-07-19,止盈(60日),03690,美团(03690),Alpha对冲 (做空恒生),0.04193570651311179,0.1452241715399611,0.06135275851373751,6.14%(恒生),4.19%,14.52%
2024-04-22,2024-06-21,止损(-15%),300244,迈瑞医疗(300244),Alpha对冲 (做空创业板),-0.08488009946790184,-0.16005983545250552,0.009700363483298178,0.97%(创业板),-8.49%,-16.01%
2024-04-25,2024-07-24,止盈(60日),300750,宁德时代(300750),Alpha对冲 (做空创业板),0.026225571440082678,-0.005852842809364611,-0.05830398568952997,-5.83%(创业板),2.62%,-0.59%
2024-04-26,2024-07-25,止盈(60日),002475,立讯精密(002475),Alpha对冲 (做空沪深),0.15826284678703617,0.27895652173913055,-0.037569171834941795,-3.76%(沪深),15.83%,27.90%
2024-04-29,2024-07-26,止盈(60日),600519,贵州茅台(600519),Alpha对冲 (做空沪深),-0.04985476325433512,-0.1485999987390215,-0.048890472230351256,-4.89%(沪深),-4.99%,-14.86%
2024-05-20,2024-08-13,止盈(60日),601318,中国平安(601318),单边多头 (满仓),-0.07028913260219344,-0.07028913260219344,-0.09442317918601045,-9.44%(沪深),-7.03%,-7.03%
2024-05-30,2024-08-26,止盈(60日),01211,比亚迪股份(01211),单边多头 (满仓),0.02142857142857148,0.02142857142857148,-0.033926237178255506,-3.39%(恒生),2.14%,2.14%
2024-05-31,2024-08-05,止损(-15%),002415,海康威视(002415),Alpha对冲 (做空沪深),-0.04843555386386098,-0.16812439261418857,-0.07125328488646661,-7.13%(沪深),-4.84%,-16.81%
2024-06-19,2024-09-13,止盈(60日),00762,中国联通(00762),单边多头 (满仓),-0.07784431137724544,-0.07784431137724544,-0.038055039205326505,-3.81%(恒生),-7.78%,-7.78%
2024-06-28,2024-09-25,止盈(60日),00700,腾讯控股(00700),Alpha对冲 (做空恒生),0.008356133897420619,0.10463212534059946,0.08791985754575822,8.79%(恒生),0.84%,10.46%
2024-07-08,2024-10-03,止盈(60日),00981,中芯国际(00981),Alpha对冲 (做空恒生),-0.02152216771770775,0.2085714285714285,0.251615764006844,25.16%(恒生),-2.15%,20.86%
2024-07-19,2024-08-29,止损(-15%),601888,中国中免(601888),Alpha对冲 (做空沪深),-0.0437087781953217,-0.15115261161365634,-0.06373505522301294,-6.37%(沪深),-4.37%,-15.12%
2024-07-22,2024-08-14,止损(-15%),03690,美团(03690),Alpha对冲 (做空恒生),-0.06837690835313748,-0.1568951279933939,-0.02014131128711892,-2.01%(恒生),-6.84%,-15.69%
2024-07-25,2024-10-28,止盈(60日),300750,宁德时代(300750),Alpha对冲 (做空创业板),-0.004612522294801635,0.34860064881508773,0.357825693404691,35.78%(创业板),-0.46%,34.86%
2024-07-26,2024-10-29,止盈(60日),002475,立讯精密(002475),Alpha对冲 (做空沪深),-0.004032828539786926,0.14498536844905546,0.15305102552862931,15.31%(沪深),-0.40%,14.50%
2024-07-29,2024-10-30,止盈(60日),600519,贵州茅台(600519),Alpha对冲 (做空沪深),-0.0185656778677733,0.10535714285714293,0.14248849859268953,14.25%(沪深),-1.86%,10.54%
2024-08-14,2024-11-15,止盈(60日),601318,中国平安(601318),Alpha对冲 (做空沪深),0.12358937250123146,0.43802322441263836,0.19084447941017543,19.08%(沪深),12.36%,43.80%
2024-08-27,2024-11-25,止盈(60日),01211,比亚迪股份(01211),单边多头 (满仓),0.13164782040104617,0.13164782040104617,0.08419424076359562,8.42%(恒生),13.16%,13.16%
2024-09-16,2024-12-12,止盈(60日),00762,中国联通(00762),Alpha对冲 (做空恒生),-0.03458107317922738,0.11308562197092072,0.18224776832937548,18.22%(恒生),-3.46%,11.31%
2024-09-20,2024-12-20,止盈(60日),300244,迈瑞医疗(300244),Alpha对冲 (做空创业板),-0.016672157062480764,0.39521640091116184,0.42856071503612336,42.86%(创业板),-1.67%,39.52%
2024-09-26,2024-12-23,止盈(60日),00700,腾讯控股(00700),单边多头 (满仓),-0.05189528429602881,-0.05189528429602881,0.030076767497799504,3.01%(恒生),-5.19%,-5.19%
2024-10-30,2025-01-23,止盈(60日),002475,立讯精密(002475),单边多头 (满仓),-0.07815066885707576,-0.07815066885707576,-0.0257202573665013,-2.57%(沪深),-7.82%,-7.82%
2024-10-31,2025-01-24,止盈(60日),600519,贵州茅台(600519),单边多头 (满仓),-0.04111618889350513,-0.04111618889350513,-0.014288311739746356,-1.43%(沪深),-4.11%,-4.11%
2024-11-04,2025-02-05,止盈(60日),002415,海康威视(002415),单边多头 (满仓),-0.03430531732418525,-0.03430531732418525,-0.02633056196529553,-2.63%(沪深),-3.43%,-3.43%
2024-11-14,2025-01-09,止损(-15%),03690,美团(03690),单边多头 (满仓),-0.1555556140350877,-0.1555556140350877,-0.01963549499497093,-1.96%(恒生),-15.56%,-15.56%
2024-11-18,2025-02-19,止盈(60日),601318,中国平安(601318),单边多头 (满仓),-0.08512628624883076,-0.08512628624883076,-0.01053312520215443,-1.05%(沪深),-8.51%,-8.51%
2024-11-22,2025-02-25,止盈(60日),300750,宁德时代(300750),单边多头 (满仓),0.02930897537728354,0.02930897537728354,-0.0076892722649871854,-0.77%(创业板),2.93%,2.93%
2024-11-22,2025-02-24,止盈(60日),00981,中芯国际(00981),单边多头 (满仓),1.1782178217821782,1.1782178217821782,0.19007570684552275,19.01%(恒生),117.82%,117.82%
2024-11-26,2025-02-26,止盈(60日),01211,比亚迪股份(01211),单边多头 (满仓),0.5407114229249012,0.5407114229249012,0.24842187053908804,24.84%(恒生),54.07%,54.07%
2024-11-28,2025-03-03,止盈(60日),601888,中国中免(601888),单边多头 (满仓),-0.10664675130694548,-0.10664675130694548,-0.004041490139086785,-0.40%(沪深),-10.66%,-10.66%
2024-12-13,2025-03-17,止盈(60日),00762,中国联通(00762),单边多头 (满仓),0.3406754772393541,0.3406754772393541,0.1930684734470094,19.31%(恒生),34.07%,34.07%
2024-12-23,2025-03-26,止盈(60日),300244,迈瑞医疗(300244),单边多头 (满仓),0.35393734123624043,0.35393734123624043,-0.029826494203627894,-2.98%(创业板),35.39%,35.39%
2024-12-24,2025-03-26,止盈(60日),00700,腾讯控股(00700),单边多头 (满仓),0.21288314176245204,0.21288314176245204,0.179384793209954,17.94%(恒生),21.29%,21.29%
2025-01-24,2025-04-07,止损(-15%),002475,立讯精密(002475),单边多头 (满仓),-0.21782178217821777,-0.21782178217821777,-0.05387904107964208,-5.39%(沪深),-21.78%,-21.78%
2025-01-27,2025-04-30,止盈(60日),600519,贵州茅台(600519),单边多头 (满仓),0.0743007748365353,0.0743007748365353,-0.01730198766835607,-1.73%(沪深),7.43%,7.43%
2025-02-06,2025-05-07,止盈(60日),002415,海康威视(002415),单边多头 (满仓),-0.0536465638148668,-0.0536465638148668,0.011087687410495392,1.11%(沪深),-5.36%,-5.36%
2025-02-20,2025-05-21,止盈(60日),601318,中国平安(601318),单边多头 (满仓),0.059042113955408745,0.059042113955408745,-0.0046431067566366085,-0.46%(沪深),5.90%,5.90%
2025-02-26,2025-04-07,止损(-15%),300750,宁德时代(300750),单边多头 (满仓),-0.20366238362699085,-0.20366238362699085,-0.1957085013756402,-19.57%(创业板),-20.37%,-20.37%
2025-03-04,2025-06-03,止盈(60日),01211,比亚迪股份(01211),单边多头 (满仓),0.16997666471962625,0.16997666471962625,0.03678591734371036,3.68%(恒生),17.00%,17.00%
2025-03-04,2025-06-03,止盈(60日),601888,中国中免(601888),单边多头 (满仓),-0.008481623149842094,-0.008481623149842094,-0.0036164049918339814,-0.36%(沪深),-0.85%,-0.85%
2025-03-19,2025-06-18,止盈(60日),00762,中国联通(00762),单边多头 (满仓),0.03165938864628812,0.03165938864628812,-0.03996094159642036,-4.00%(恒生),3.17%,3.17%
2025-03-27,2025-06-26,止盈(60日),00700,腾讯控股(00700),单边多头 (满仓),0.002932551319648094,0.002932551319648094,0.03319508313420137,3.32%(恒生),0.29%,0.29%
2025-03-27,2025-04-07,止损(-15%),300244,迈瑞医疗(300244),单边多头 (满仓),-0.20881226053639843,-0.20881226053639843,-0.15174121997344278,-15.17%(创业板),-20.88%,-20.88%
2025-03-31,2025-04-07,止损(-15%),00981,中芯国际(00981),单边多头 (满仓),-0.18924731182795693,-0.18924731182795693,-0.14559223633142823,-14.56%(恒生),-18.92%,-18.92%
2025-04-10,2025-07-03,止损(-15%),03690,美团(03690),单边多头 (满仓),-0.1525189786059352,-0.1525189786059352,0.15662864486702108,15.66%(恒生),-15.25%,-15.25%
2025-05-01,2025-07-29,止盈(60日),600519,贵州茅台(600519),单边多头 (满仓),-0.058878697378660784,-0.058878697378660784,0.09425765923039768,9.43%(沪深),-5.89%,-5.89%
2025-05-08,2025-08-01,止盈(60日),002415,海康威视(002415),单边多头 (满仓),0.032877724418175124,0.032877724418175124,0.061347482088956955,6.13%(沪深),3.29%,3.29%
2025-05-22,2025-08-15,止盈(60日),601318,中国平安(601318),单边多头 (满仓),0.14806866952789707,0.14806866952789707,0.07405610743339276,7.41%(沪深),14.81%,14.81%
2025-06-04,2025-07-10,止损(-15%),01211,比亚迪股份(01211),单边多头 (满仓),-0.15084780130117553,-0.15084780130117553,0.0224933654698044,2.25%(恒生),-15.08%,-15.08%
2025-06-04,2025-08-27,止盈(60日),601888,中国中免(601888),单边多头 (满仓),0.13744390892471325,0.13744390892471325,0.13763212335247849,13.76%(沪深),13.74%,13.74%
2025-06-19,2025-09-12,止盈(60日),00762,中国联通(00762),单边多头 (满仓),0.06378378378378377,0.06378378378378377,0.11719465775219491,11.72%(恒生),6.38%,6.38%
2025-06-27,2025-09-22,止盈(60日),00700,腾讯控股(00700),单边多头 (满仓),0.2593320235756385,0.2593320235756385,0.07741752569097876,7.74%(恒生),25.93%,25.93%
2025-07-07,2025-09-29,止盈(60日),300750,宁德时代(300750),单边多头 (满仓),0.5297751710654937,0.5297751710654937,0.5067991850843254,50.68%(创业板),52.98%,52.98%
2025-07-07,2025-09-29,止盈(60日),300244,迈瑞医疗(300244),单边多头 (满仓),0.09931034482758617,0.09931034482758617,0.5067991850843254,50.68%(创业板),9.93%,9.93%
2025-07-07,2025-09-29,止盈(60日),002475,立讯精密(002475),单边多头 (满仓),0.8833819241982507,0.8833819241982507,0.16160886513624356,16.16%(沪深),88.34%,88.34%
2025-07-07,2025-09-29,止盈(60日),00981,中芯国际(00981),单边多头 (满仓),0.7133258678611423,0.7133258678611423,0.11725412095002498,11.73%(恒生),71.33%,71.33%
2025-07-30,2025-10-30,止盈(60日),600519,贵州茅台(600519),单边多头 (满仓),-0.011269769670998851,-0.011269769670998851,0.13520799645017856,13.52%(沪深),-1.13%,-1.13%
2025-08-04,2025-11-04,止盈(60日),002415,海康威视(002415),单边多头 (满仓),0.12831697564521982,0.12831697564521982,0.14382613105996167,14.38%(沪深),12.83%,12.83%
2025-08-18,2025-11-18,止盈(60日),601318,中国平安(601318),单边多头 (满仓),0.01360081604896289,0.01360081604896289,0.08296005425950635,8.30%(沪深),1.36%,1.36%
2025-08-28,2025-11-28,止盈(60日),601888,中国中免(601888),单边多头 (满仓),0.14722586282219308,0.14722586282219308,0.03394833526913339,3.39%(沪深),14.72%,14.72%
2025-09-15,2025-12-11,止盈(60日),00762,中国联通(00762),单边多头 (满仓),-0.11214953271028037,-0.11214953271028037,-0.029586943358732812,-2.96%(恒生),-11.21%,-11.21%
2025-09-23,2025-12-19,止盈(60日),00700,腾讯控股(00700),单边多头 (满仓),-0.030781373322809787,-0.030781373322809787,-0.028183633572632164,-2.82%(恒生),-3.08%,-3.08%
2025-09-30,2025-12-31,止盈(60日),300244,迈瑞医疗(300244),单边多头 (满仓),-0.03822815533980587,-0.03822815533980587,-0.011160963731344111,-1.12%(创业板),-3.82%,-3.82%
2025-10-02,2025-12-31,止盈(60日),03690,美团(03690),单边多头 (满仓),-0.023629489603024575,-0.023629489603024575,-0.047839535929089086,-4.78%(恒生),-2.36%,-2.36%
2025-10-27,2026-01-23,止盈(60日),01211,比亚迪股份(01211),单边多头 (满仓),-0.06302916274694265,-0.06302916274694265,0.009568993699796588,0.96%(恒生),-6.30%,-6.30%
2025-10-31,2026-01-27,止盈(60日),600519,贵州茅台(600519),单边多头 (满仓),-0.045506879690698186,-0.045506879690698186,0.0006798518658712272,0.07%(沪深),-4.55%,-4.55%
2025-11-04,2026-01-30,止盈(60日),00981,中芯国际(00981),单边多头 (满仓),0.07714285714285722,0.07714285714285722,0.04738557492006102,4.74%(恒生),7.71%,7.71%
2025-11-05,2026-01-30,止盈(60日),002415,海康威视(002415),单边多头 (满仓),-0.011954765751211665,-0.011954765751211665,0.03161430495349524,3.16%(沪深),-1.20%,-1.20%
2025-11-11,2026-02-05,止盈(60日),002475,立讯精密(002475),单边多头 (满仓),-0.083896196231781,-0.083896196231781,-0.007631837669083317,-0.76%(沪深),-8.39%,-8.39%
2025-11-18,2026-02-12,止盈(60日),300750,宁德时代(300750),单边多头 (满仓),-0.024976946383875688,-0.024976946383875688,0.07725849376995142,7.73%(创业板),-2.50%,-2.50%
2025-11-19,2026-02-13,止盈(60日),601318,中国平安(601318),单边多头 (满仓),0.07739273927392747,0.07739273927392747,0.0202207206290141,2.02%(沪深),7.74%,7.74%
2025-12-01,2026-03-05,止盈(60日),601888,中国中免(601888),单边多头 (满仓),-0.08716417910447757,-0.08716417910447757,0.023903834782784916,2.39%(沪深),-8.72%,-8.72%
2025-12-12,2026-02-03,止损(-15%),00762,中国联通(00762),单边多头 (满仓),-0.15465116279069768,-0.15465116279069768,0.041665403019477645,4.17%(恒生),-15.47%,-15.47%
2025-12-22,2026-02-24,止损(-15%),00700,腾讯控股(00700),单边多头 (满仓),-0.15240423797881011,-0.15240423797881011,0.03079478049646574,3.08%(恒生),-15.24%,-15.24%
2026-01-01,2026-02-12,止损(-15%),03690,美团(03690),单边多头 (满仓),-0.17860600193610845,-0.17860600193610845,0.05113736214596964,5.11%(恒生),-17.86%,-17.86%
2026-01-01,2026-04-07,止盈(60日),300244,迈瑞医疗(300244),单边多头 (满仓),0.15786163522012578,0.15786163522012578,-0.02139889589041017,-2.14%(创业板),15.79%,15.79%
2026-01-26,2026-04-28,止盈(60日),01211,比亚迪股份(01211),单边多头 (满仓),0.042211055276381935,0.042211055276381935,-0.043371292100593,-4.34%(恒生),4.22%,4.22%
2026-01-28,2026-05-06,止盈(60日),600519,贵州茅台(600519),单边多头 (满仓),0.0299625468164794,0.0299625468164794,0.032057721335339184,3.21%(沪深),3.00%,3.00%
2026-02-02,2026-05-11,止盈(60日),002415,海康威视(002415),单边多头 (满仓),0.12151652624756967,0.12151652624756967,0.059380532942428,5.94%(沪深),12.15%,12.15%
2026-02-02,2026-03-04,止损(-15%),00981,中芯国际(00981),单边多头 (满仓),-0.16325136612021862,-0.16325136612021862,-0.0681933920451233,-6.82%(恒生),-16.33%,-16.33%
2026-02-06,2026-05-15,止盈(60日),002475,立讯精密(002475),单边多头 (满仓),0.42774454948871315,0.42774454948871315,0.0511830585283285,5.12%(沪深),42.77%,42.77%
2026-02-13,2026-05-22,止盈(60日),300750,宁德时代(300750),单边多头 (满仓),0.12066286897980331,0.12066286897980331,0.19008505696904204,19.01%(创业板),12.07%,12.07%
2026-02-16,2026-05-15,止损(-15%),601318,中国平安(601318),单边多头 (满仓),-0.15615022046525767,-0.15615022046525767,0.02798576607007464,2.80%(沪深),-15.62%,-15.62%
2026-03-06,2026-05-06,止损(-15%),601888,中国中免(601888),单边多头 (满仓),-0.1596,-0.1596,0.055306574021301375,5.53%(沪深),-15.96%,-15.96%
2026-04-08,2026-04-09,强制平仓(60日),300244,迈瑞医疗(300244),单边多头 (满仓),0.0,0.0,0.020072095388878632,2.01%(创业板),0.00%,0.00%
2026-04-10,2026-04-13,强制平仓(60日),300244,迈瑞医疗(300244),单边多头 (满仓),0.0,0.0,0.036174175643868316,3.62%(创业板),0.00%,0.00%
2026-04-14,2026-04-15,强制平仓(60日),300244,迈瑞医疗(300244),单边多头 (满仓),0.0,0.0,0.0022383101756146538,0.22%(创业板),0.00%,0.00%
2026-04-16,2026-04-17,强制平仓(60日),300244,迈瑞医疗(300244),单边多头 (满仓),0.0,0.0,0.04163725082909481,4.16%(创业板),0.00%,0.00%
2026-04-20,2026-04-21,强制平仓(60日),300244,迈瑞医疗(300244),单边多头 (满仓),0.0,0.0,0.008637132698337687,0.86%(创业板),0.00%,0.00%
2026-04-22,2026-04-23,强制平仓(60日),300244,迈瑞医疗(300244),单边多头 (满仓),0.0,0.0,0.016344299288059777,1.63%(创业板),0.00%,0.00%
2026-04-24,2026-04-27,强制平仓(60日),300244,迈瑞医疗(300244),单边多头 (满仓),0.0,0.0,-0.009154381304652027,-0.92%(创业板),0.00%,0.00%
2026-04-28,2026-04-29,强制平仓(60日),300244,迈瑞医疗(300244),单边多头 (满仓),0.0,0.0,0.0175736651681115,1.76%(创业板),0.00%,0.00%
2026-04-29,2026-05-20,止损(-15%),01211,比亚迪股份(01211),单边多头 (满仓),-0.17171717171717174,-0.17171717171717174,-0.00741065673269331,-0.74%(恒生),-17.17%,-17.17%
2026-04-30,2026-05-06,强制平仓(60日),300244,迈瑞医疗(300244),单边多头 (满仓),0.0,0.0,0.019991312350689513,2.00%(创业板),0.00%,0.00%
2026-05-05,2026-05-06,强制平仓(60日),00762,中国联通(00762),单边多头 (满仓),0.0,0.0,0.010330373953344896,1.03%(恒生),0.00%,0.00%
2026-05-07,2026-05-08,强制平仓(60日),600519,贵州茅台(600519),单边多头 (满仓),0.0,0.0,-0.004879284284488729,-0.49%(沪深),0.00%,0.00%
2026-05-07,2026-05-27,止损(-15%),300244,迈瑞医疗(300244),单边多头 (满仓),-0.16222645099904853,-0.16222645099904853,0.06244317868481807,6.24%(创业板),-16.22%,-16.22%
2026-05-07,2026-05-08,强制平仓(60日),00762,中国联通(00762),单边多头 (满仓),0.0,0.0,-0.005187789539544641,-0.52%(恒生),0.00%,0.00%
2026-05-11,2026-05-12,强制平仓(60日),600519,贵州茅台(600519),单边多头 (满仓),0.0,0.0,0.009336271831177122,0.93%(沪深),0.00%,0.00%
2026-05-11,2026-05-12,强制平仓(60日),00762,中国联通(00762),单边多头 (满仓),0.0,0.0,0.0014077892521228098,0.14%(恒生),0.00%,0.00%
2026-05-12,2026-05-13,强制平仓(60日),002415,海康威视(002415),单边多头 (满仓),0.0,0.0,0.006711758144683386,0.67%(沪深),0.00%,0.00%
2026-05-13,2026-05-14,强制平仓(60日),600519,贵州茅台(600519),单边多头 (满仓),0.0,0.0,-0.0009814155109591932,-0.10%(沪深),0.00%,0.00%
2026-05-13,2026-05-14,强制平仓(60日),00762,中国联通(00762),单边多头 (满仓),0.0,0.0,0.0007223764589974267,0.07%(恒生),0.00%,0.00%
2026-05-14,2026-05-15,强制平仓(60日),03690,美团(03690),单边多头 (满仓),0.0,0.0,-0.032564765138433815,-3.26%(恒生),0.00%,0.00%
2026-05-14,2026-05-15,强制平仓(60日),002415,海康威视(002415),单边多头 (满仓),0.0,0.0,-0.03342482090507254,-3.34%(沪深),0.00%,0.00%
2026-05-15,2026-05-18,强制平仓(60日),600519,贵州茅台(600519),单边多头 (满仓),0.0,0.0,-0.015900653592642096,-1.59%(沪深),0.00%,0.00%
2026-05-15,2026-05-18,强制平仓(60日),00762,中国联通(00762),单边多头 (满仓),0.0,0.0,-0.02712431577104642,-2.71%(恒生),0.00%,0.00%
2026-05-18,2026-05-19,强制平仓(60日),03690,美团(03690),单边多头 (满仓),0.0,0.0,-0.0015910234003225364,-0.16%(恒生),0.00%,0.00%
2026-05-18,2026-05-19,强制平仓(60日),002415,海康威视(002415),单边多头 (满仓),0.0,0.0,0.0034228440620975306,0.34%(沪深),0.00%,0.00%
2026-05-19,2026-05-20,强制平仓(60日),600519,贵州茅台(600519),单边多头 (满仓),0.0,0.0,0.006639750721407493,0.66%(沪深),0.00%,0.00%
2026-05-19,2026-05-20,强制平仓(60日),00762,中国联通(00762),单边多头 (满仓),0.0,0.0,-0.0016444265582911117,-0.16%(恒生),0.00%,0.00%
2026-05-20,2026-05-21,强制平仓(60日),03690,美团(03690),单边多头 (满仓),0.0,0.0,-0.01256729854428022,-1.26%(恒生),0.00%,0.00%
2026-05-20,2026-05-21,强制平仓(60日),002415,海康威视(002415),单边多头 (满仓),0.0,0.0,-0.00963120647554997,-0.96%(沪深),0.00%,0.00%
2026-05-21,2026-05-22,强制平仓(60日),600519,贵州茅台(600519),单边多头 (满仓),0.0,0.0,-0.008420177563970987,-0.84%(沪深),0.00%,0.00%
2026-05-21,2026-05-22,强制平仓(60日),002475,立讯精密(002475),单边多头 (满仓),0.0,0.0,-0.008420177563970987,-0.84%(沪深),0.00%,0.00%
2026-05-21,2026-05-22,强制平仓(60日),00762,中国联通(00762),单边多头 (满仓),0.0,0.0,-0.008795209195594575,-0.88%(恒生),0.00%,0.00%
2026-05-22,2026-05-26,强制平仓(60日),03690,美团(03690),单边多头 (满仓),0.0,0.0,-0.0016516305407576952,-0.17%(恒生),0.00%,0.00%
2026-05-22,2026-05-25,强制平仓(60日),002415,海康威视(002415),单边多头 (满仓),0.0,0.0,0.021323163812731787,2.13%(沪深),0.00%,0.00%
2026-05-25,2026-05-26,强制平仓(60日),600519,贵州茅台(600519),单边多头 (满仓),0.0,0.0,0.015319104751789226,1.53%(沪深),0.00%,0.00%
2026-05-25,2026-05-26,强制平仓(60日),300750,宁德时代(300750),单边多头 (满仓),0.0,0.0,0.017129919056094668,1.71%(创业板),0.00%,0.00%
2026-05-25,2026-05-26,强制平仓(60日),00762,中国联通(00762),单边多头 (满仓),0.0,0.0,-0.0008941713409694492,-0.09%(恒生),0.00%,0.00%
2026-05-26,2026-05-27,强制平仓(60日),00700,腾讯控股(00700),单边多头 (满仓),0.0,0.0,-0.011479408220007915,-1.15%(恒生),0.00%,0.00%
2026-05-26,2026-05-27,强制平仓(60日),002415,海康威视(002415),单边多头 (满仓),0.0,0.0,0.0016440430479693834,0.16%(沪深),0.00%,0.00%
2026-05-27,2026-05-28,强制平仓(60日),03690,美团(03690),单边多头 (满仓),0.0,0.0,-0.023531766839341797,-2.35%(恒生),0.00%,0.00%
2026-05-27,2026-05-28,强制平仓(60日),600519,贵州茅台(600519),单边多头 (满仓),0.0,0.0,-0.005410301065889212,-0.54%(沪深),0.00%,0.00%
2026-05-27,2026-05-28,强制平仓(60日),300750,宁德时代(300750),单边多头 (满仓),0.0,0.0,0.017613646875982814,1.76%(创业板),0.00%,0.00%
2026-05-27,2026-05-28,强制平仓(60日),00762,中国联通(00762),单边多头 (满仓),0.0,0.0,-0.023531766839341797,-2.35%(恒生),0.00%,0.00%
2026-05-28,2026-05-29,强制平仓(60日),00700,腾讯控股(00700),Alpha对冲 (做空恒生),0.0009549794336872171,0.0,-0.0019099588673744342,-0.19%(恒生),0.10%,0.00%
2026-05-28,2026-05-29,强制平仓(60日),002415,海康威视(002415),单边多头 (满仓),0.0,0.0,0.0005839322303185126,0.06%(沪深),0.00%,0.00%
2026-05-29,2026-06-01,强制平仓(60日),03690,美团(03690),单边多头 (满仓),0.0,0.0,0.00940561977177851,0.94%(恒生),0.00%,0.00%
2026-05-29,2026-06-01,强制平仓(60日),600519,贵州茅台(600519),单边多头 (满仓),0.0,0.0,-0.01888724523606209,-1.89%(沪深),0.00%,0.00%
2026-05-29,2026-06-01,强制平仓(60日),300750,宁德时代(300750),单边多头 (满仓),0.0,0.0,-0.046106944760320845,-4.61%(创业板),0.00%,0.00%
2026-05-29,2026-06-01,强制平仓(60日),00762,中国联通(00762),单边多头 (满仓),0.0,0.0,0.00940561977177851,0.94%(恒生),0.00%,0.00%
2026-06-01,2026-06-02,强制平仓(60日),00700,腾讯控股(00700),单边多头 (满仓),0.0,0.0,0.03408532985438869,3.41%(恒生),0.00%,0.00%
2026-06-01,2026-06-02,强制平仓(60日),002475,立讯精密(002475),单边多头 (满仓),0.0,0.0,0.0034018681895516103,0.34%(沪深),0.00%,0.00%
2026-06-01,2026-06-02,强制平仓(60日),002415,海康威视(002415),单边多头 (满仓),0.0,0.0,0.0034018681895516103,0.34%(沪深),0.00%,0.00%
2026-06-02,2026-06-03,强制平仓(60日),03690,美团(03690),单边多头 (满仓),0.0,0.0,0.00937737048962652,0.94%(恒生),0.00%,0.00%
2026-06-02,2026-06-03,强制平仓(60日),600519,贵州茅台(600519),单边多头 (满仓),0.0,0.0,0.016087891812800553,1.61%(沪深),0.00%,0.00%
2026-06-02,2026-06-03,强制平仓(60日),300750,宁德时代(300750),单边多头 (满仓),0.0,0.0,0.034002306261263625,3.40%(创业板),0.00%,0.00%
2026-06-02,2026-06-03,强制平仓(60日),00762,中国联通(00762),单边多头 (满仓),0.0,0.0,0.00937737048962652,0.94%(恒生),0.00%,0.00%
2026-06-03,2026-06-04,强制平仓(60日),00700,腾讯控股(00700),单边多头 (满仓),0.0,0.0,-0.026956781120956667,-2.70%(恒生),0.00%,0.00%
2026-06-03,2026-06-04,强制平仓(60日),002415,海康威视(002415),单边多头 (满仓),0.0,0.0,-0.0033730616325415843,-0.34%(沪深),0.00%,0.00%
2026-06-04,2026-06-05,强制平仓(60日),600519,贵州茅台(600519),单边多头 (满仓),0.0,0.0,0.0015169533679264494,0.15%(沪深),0.00%,0.00%
2026-06-04,2026-06-05,强制平仓(60日),300750,宁德时代(300750),单边多头 (满仓),0.0,0.0,0.0040110014637024715,0.40%(创业板),0.00%,0.00%
